title,url,source,scraped_at,status
Fidelity: Private Equity Reigns Over M&A Year,https://www.planadviser.com/fidelity-private-equity-reigns-over-ma-year/,Bing News,2026-02-25T14:54:03.117218,New
Recent mergers in insurance: Industry news and updates,https://www.insuranceinsider.com/resources/recent-mergers-in-insurance,Bing News,2026-02-25T14:54:03.117228,New
Risky Business: Integrating Cybersecurity Into Private Equity's End‑To‑End Strategy,https://www.forbes.com/councils/forbestechcouncil/2026/02/18/risky-business-integrating-cybersecurity-into-private-equitys-endtoend-strategy/,Bing News,2026-02-25T14:54:03.117232,New
Private equity to buy Arcosa's barge business for $450 million,https://www.workboat.com/private-equity-to-buy-arcosas-barge-business-for-450-million,Bing News,2026-02-25T14:54:03.117235,New
Home health and hospice provider Enhabit to go private in $1.1B deal,https://www.fiercehealthcare.com/providers/home-health-and-hospice-provider-enhabit-go-private-11b-deal,Bing News,2026-02-25T14:54:03.117237,New
"Mergers and Acquisitions Advisory Firm Releases Food & Beverage M&A Report, Highlighting Industry Trends",https://news.marketersmedia.com/mergers-and-acquisitions-advisory-firm-releases-food-and-beverage-manda-report-highlighting-industry-trends/89183102,Bing News,2026-02-25T14:54:03.117240,New
New trends in mergers and acquisitions,https://mg.co.za/partner-content/2023-04-20-new-trends-in-mergers-and-acquisitions/,Bing News,2026-02-25T14:54:03.117242,New
Private equity is king. Smaller investors should be let in,https://www.theglobeandmail.com/business/commentary/article-private-equity-investing-stocks-tsx-ipo/,Bing News,2026-02-25T14:54:03.117244,New
Mergers and Acquisitions Advisory Firm Releases Healthcare & Life Sciences M&A Report Highlighting Industry Trends,https://news.marketersmedia.com/mergers-and-acquisitions-advisory-firm-releases-healthcare-and-life-sciences-manda-report-highlighting-industry-trends/89183584,Bing News,2026-02-25T14:54:03.117246,New
Midlands private equity deals hold steady in 2025 despite market uncertainty,https://www.shropshirestar.com/news/business/2026/02/23/midlands-private-equity-deals-hold-steady-in-2025-despite-market-uncertainty/,Bing News,2026-02-25T14:54:03.117248,New
McGuireWoods Hires LA Private Equity Lawyer From Sidley Austin,https://news.bloomberglaw.com/business-and-practice/mcguirewoods-hires-la-private-equity-lawyer-from-sidley-austin,Bing News,2026-02-25T14:54:03.117251,New
